{
  "prusti-tests/tests/verify/pass/rosetta/Knuth_shuffle.rs": [
    2.318797656000015,
    1.9784091379999609,
    1.9184658190000619,
    1.9425455990000273,
    1.8712246410000262,
    1.8496637599999985,
    1.8268156739999313,
    1.818820841000047,
    1.8520630550000305,
    1.8141784160000043
  ],
  "prusti-tests/tests/verify/pass/demos/account.rs": [
    0.8674914670000362,
    0.8301630329999625,
    0.8135456740000109,
    0.7647358010000289,
    0.7773473450000665,
    0.7874978800000463,
    0.852874108999913,
    0.7868254750000006,
    0.7871328759999869,
    0.7641884939999954
  ]
}